[
	{
		"id":"1",
		"name":"General Purpose",
		"Categorize":[],
		"level":1
	},
	{
		"id":"1.1",
		"name":"Spices and Herbs",
		"Categorize":["1"],
		"level":2
	},
	{
		"id":"1.1.1",
		"name":"Onion Powder Onion (minced)",
		"Categorize":["1.1"],
		"level":3
	},
	{
		"id":"1.1.2",
		"name":"Onion powder toasted",
		"Categorize":["1.1"],
		"level":3
	},
	{
		"id":"1.1.3",
		"name":"Basil",
		"Categorize":["1.1"],
		"level":3
	},
	{
		"id":"1.1.4",
		"name":"Chives",
		"Categorize":["1.1"],
		"level":3
	},
	{
		"id":"1.1.5",
		"name":"Savoury",
		"Categorize":["1.1"],
		"level":3
	},
	{
		"id":"1.1.6",
		"name":"Cayenne pepper",
		"Categorize":["1.1"],
		"level":3
	},
	{
		"id":"1.1.7",
		"name":"Lemon balm",
		"Categorize":["1.1"],
		"level":3
	},
	{
		"id":"1.1.8",
		"name":"Dill",
		"Categorize":["1.1"],
		"level":3
	},
	{
		"id":"1.1.9",
		"name":"Tarragon",
		"Categorize":["1.1"],
		"level":3
	},
	{
		"id":"1.1.10",
		"name":"Mace",
		"Categorize":["1.1"],
		"level":3
	},
	{
		"id":"1.1.11",
		"name":"Ginger",
		"Categorize":["1.1"],
		"level":3
	},
	{
		"id":"1.1.12",
		"name":"Harissa",
		"Categorize":["1.1"],
		"level":3
	},
	{
		"id":"1.1.13",
		"name":"Juniper berry",
		"Categorize":["1.1"],
		"level":3
	},
	{
		"id":"1.1.14",
		"name":"Cinnamon",
		"Categorize":["1.1"],
		"level":3
	},
	{
		"id":"1.1.15",
		"name":"Cardamom",
		"Categorize":["1.1"],
		"level":3
	},
	{
		"id":"1.1.16",
		"name":"Caraway",
		"Categorize":["1.1"],
		"level":3
	},
	{
		"id":"1.1.17",
		"name":"Curry",
		"Categorize":["1.1"],
		"level":3
	},
	{
		"id":"1.1.18",
		"name":"Chervil",
		"Categorize":["1.1"],
		"level":3
	},
	{
		"id":"1.1.19",
		"name":"Cumin seed",
		"Categorize":["1.1"],
		"level":3
	},
	{
		"id":"1.1.20",
		"name":"Coriander",
		"Categorize":["1.1"],
		"level":3
	},
	{
		"id":"1.1.21",
		"name":"Clove (whole)",
		"Categorize":["1.1"],
		"level":3
	},
	{
		"id":"1.1.21",
		"name":"Clove (whole)",
		"Categorize":["1.1"],
		"level":3
	},
	{
		"id":"1.1.22",
		"name":"Clove (ground)",
		"Categorize":["1.1"],
		"level":3
	},
	{
		"id":"1.1.23",
		"name":"Curcuma",
		"Categorize":["1.1"],
		"level":3
	},
	{
		"id":"1.1.24",
		"name":"Bay leaves",
		"Categorize":["1.1"],
		"level":3
	},
	{
		"id":"1.1.25",
		"name":"Bay leaves (ground)",
		"Categorize":["1.1"],
		"level":3
	},
	{
		"id":"1.1.26",
		"name":"Garlic powder",
		"Categorize":["1.1"],
		"level":3
	},
	{
		"id":"1.1.27",
		"name":"Marjoram leaves",
		"Categorize":["1.1"],
		"level":3
	},
	{
		"id":"1.1.28",
		"name":"Marjoram (ground)",
		"Categorize":["1.1"],
		"level":3
	},
	{
		"id":"1.1.29",
		"name":"Mustard seed",
		"Categorize":["1.1"],
		"level":3
	},
	{
		"id":"1.1.30",
		"name":"Mustard seed (ground)",
		"Categorize":["1.1"],
		"level":3
	},
	{
		"id":"1.1.31",
		"name":"Nutmeg (whole)",
		"Categorize":["1.1"],
		"level":3
	},
	{
		"id":"1.1.32",
		"name":"Nutmeg (ground)",
		"Categorize":["1.1"],
		"level":3
	},
	{
		"id":"1.1.33",
		"name":"Oregano",
		"Categorize":["1.1"],
		"level":3
	},
	{
		"id":"1.1.34",
		"name":"Paprika",
		"Categorize":["1.1"],
		"level":3
	},
	{
		"id":"1.1.35",
		"name":"Black and white ground pepper",
		"Categorize":["1.1"],
		"level":3
	},
	{
		"id":"1.1.36",
		"name":"Whole black and white pepper",
		"Categorize":["1.1"],
		"level":3
	},
	{
		"id":"1.1.37",
		"name":"Green pepper",
		"Categorize":["1.1"],
		"level":3
	},
	{
		"id":"1.1.38",
		"name":"Parsley",
		"Categorize":["1.1"],
		"level":3
	},
	{
		"id":"1.1.39",
		"name":"Pili-pili (ground)",
		"Categorize":["1.1"],
		"level":3
	},
	{
		"id":"1.1.40",
		"name":"Pili-pili peulen",
		"Categorize":["1.1"],
		"level":3
	},
	{
		"id":"1.1.41",
		"name":"Pistachio kernels",
		"Categorize":["1.1"],
		"level":3
	},
	{
		"id":"1.1.42",
		"name":"Rosemary",
		"Categorize":["1.1"],
		"level":3
	},
	{
		"id":"1.1.43",
		"name":"Sage",
		"Categorize":["1.1"],
		"level":3
	},
	{
		"id":"1.1.44",
		"name":"Celery",
		"Categorize":["1.1"],
		"level":3
	},
	{
		"id":"1.1.45",
		"name":"Thyme",
		"Categorize":["1.1"],
		"level":3
	},
	{
		"id":"1.1.46",
		"name":"Thyme ground",
		"Categorize":["1.1"],
		"level":3
	},
	{
		"id":"1.1.47",
		"name":"Fennel ground",
		"Categorize":["1.1"],
		"level":3
	},
	{
		"id":"1.1.48",
		"name":"Fennel seed",
		"Categorize":["1.1"],
		"level":3
	},
	{
		"id":"1.2",
		"name":"Decoratives, additives, mixes",
		"Categorize":["1"],
		"level":2
	},
	{
		"id":"1.2.1",
		"name":"Decoratives",
		"Categorize":["1.2"],
		"level":3
	},
	{
		"id":"1.2.1.1",
		"name":"Bread crumbs",
		"Categorize":["1.2.1"],
		"level":4
	},
	{
		"id":"1.2.1.1.1",
		"name":"Bread",
		"Categorize":["1.2.1.1"],
		"level":5
	},
	{
		"id":"1.2.1.1.2",
		"name":"White",
		"Categorize":["1.2.1.1"],
		"level":5
	},
	{
		"id":"1.2.1.1.3",
		"name":"Yellow",
		"Categorize":["1.2.1.1"],
		"level":5
	},
	{
		"id":"1.2.1.1.4",
		"name":"Red",
		"Categorize":["1.2.1.1"],
		"level":5
	},
	{
		"id":"1.2.1.1.5",
		"name":"Extra Red",
		"Categorize":["1.2.1.1"],
		"level":5
	},
	{
		"id":"1.2.1.2",
		"name":"Spice bread crumbs",
		"Categorize":["1.2.1"],
		"level":4
	},
	{
		"id":"1.2.1.2.1",
		"name":"Balkan",
		"Categorize":["1.2.1.2"],
		"level":5
	},
	{
		"id":"1.2.1.2.2",
		"name":"Spicy pork chops",
		"Categorize":["1.2.1.2"],
		"level":5
	},
	{
		"id":"1.2.1.2.3",
		"name":"Hawaii",
		"Categorize":["1.2.1.2"],
		"level":5
	},
	{
		"id":"1.2.1.2.4",
		"name":"Hungarian",
		"Categorize":["1.2.1.2"],
		"level":5
	},
	{
		"id":"1.2.1.2.5",
		"name":"Prager",
		"Categorize":["1.2.1.2"],
		"level":5
	},
	{
		"id":"1.2.1.2.6",
		"name":"SchnitzelBurger yellow green",
		"Categorize":["1.2.1.2"],
		"level":5
	},
	{
		"id":"1.2.1.2.7",
		"name":"Burger orange",
		"Categorize":["1.2.1.2"],
		"level":5
	},
	{
		"id":"1.2.1.2.8",
		"name":"Sesame burger",
		"Categorize":["1.2.1.2"],
		"level":5
	},
	{
		"id":"1.2.1.2.9",
		"name":"Spicy fish crumbs",
		"Categorize":["1.2.1.2"],
		"level":5
	},
	{
		"id":"1.2.1.3",
		"name":"Toppings",
		"Categorize":["1.2.1"],
		"level":4
	},
	{
		"id":"1.2.1.4",
		"name":"Herb coatings",
		"Categorize":["1.2.1"],
		"level":4
	},
	{
		"id":"1.2.1.4.1",
		"name":"Bahamas",
		"Categorize":["1.2.1.4"],
		"level":5
	},
	{
		"id":"1.2.1.4.2",
		"name":"Bali",
		"Categorize":["1.2.1.4"],
		"level":5
	},
	{
		"id":"1.2.1.4.3",
		"name":"Havana",
		"Categorize":["1.2.1.4"],
		"level":5
	},
	{
		"id":"2",
		"name":"Fish",
		"Categorize":[],
		"level":1
	},
	{
		"id":"2.1",
		"name":"Marinades",
		"Categorize":["2"],
		"level":2
	},
	{
		"id":"2.1.1",
		"name":"Oil marinades",
		"Categorize":["2.1"],
		"level":3
	},
	{
		"id":"2.1.1.1",
		"name":"Saumonière",
		"Categorize":["2.1.1"],
		"level":4
	},
	{
		"id":"2.1.1.2",
		"name":"Jardinière",
		"Categorize":["2.1.1"],
		"level":4
	},
	{
		"id":"2.1.1.3",
		"name":"Gyros",
		"Categorize":["2.1.1"],
		"level":4
	},
	{
		"id":"2.1.1.4",
		"name":"Oriental",
		"Categorize":["2.1.1"],
		"level":4
	},
	{
		"id":"2.1.1.5",
		"name":"Provencal",
		"Categorize":["2.1.1"],
		"level":4
	},
	{
		"id":"2.1.1.6",
		"name":"Scampi marinade",
		"Categorize":["2.1.1"],
		"level":4
	},
	{
		"id":"2.1.1.7",
		"name":"Venitienne",
		"Categorize":["2.1.1"],
		"level":4
	},
	{
		"id":"2.1.1.8",
		"name":"Marinière",
		"Categorize":["2.1.1"],
		"level":4
	},
	{
		"id":"2.1.2",
		"name":"Dry marinades",
		"Categorize":["2.1"],
		"level":3
	},
	{
		"id":"2.1.2.1",
		"name":"Braai",
		"Categorize":["2.1.2"],
		"level":4
	},
	{
		"id":"2.1.2.2",
		"name":"Brisbane",
		"Categorize":["2.1.2"],
		"level":4
	},
	{
		"id":"2.1.2.3",
		"name":"Thai",
		"Categorize":["2.1.2"],
		"level":4
	},
	{
		"id":"2.1.2.4",
		"name":"Red Moon",
		"Categorize":["2.1.2"],
		"level":4
	},
	{
		"id":"2.1.2.5",
		"name":"Sydney",
		"Categorize":["2.1.2"],
		"level":4
	},
	{
		"id":"2.1.2.6",
		"name":"Tandoori",
		"Categorize":["2.1.2"],
		"level":4
	},
	{
		"id":"2.1.2.7",
		"name":"Tikka",
		"Categorize":["2.1.2"],
		"level":4
	},
	{
		"id":"2.2",
		"name":"Specialities",
		"Categorize":["2"],
		"level":2
	},
	{
		"id":"3",
		"name":"Meat",
		"Categorize":[],
		"level":1
	},
	{
		"id":"3.1",
		"name":"Meat loafs",
		"Categorize":["3"],
		"level":2
	},
	{
		"id":"3.1.1",
		"name":"Frikandon mix",
		"Categorize":["3.1"],
		"level":3
	},
	{
		"id":"3.1.2",
		"name":"Meat loaf mix",
		"Categorize":["3.1"],
		"level":3
	},
	{
		"id":"3.1.3",
		"name":"Fikandon special",
		"Categorize":["3.1"],
		"level":3
	},
	{
		"id":"3.1.4",
		"name":"Meat loaf spices",
		"Categorize":["3.1"],
		"level":3
	},
	{
		"id":"3.2",
		"name":"Cooked sausages",
		"Categorize":["3"],
		"level":2
	},
	{
		"id":"3.2.1",
		"name":"Seasonings",
		"Categorize":["3.2"],
		"level":3
	},
	{
		"id":"3.2.1.1",
		"name":"Champignon sausage spices",
		"Categorize":["3.2.1"],
		"level":4
	},
	{
		"id":"3.2.1.2",
		"name":"Frankfurter spices",
		"Categorize":["3.2.1"],
		"level":4
	},
	{
		"id":"3.2.1.3",
		"name":"Ham sausage spices",
		"Categorize":["3.2.1"],
		"level":4
	},
	{
		"id":"3.2.1.4",
		"name":"White pudding spices",
		"Categorize":["3.2.1"],
		"level":4
	},
	{
		"id":"3.2.2",
		"name":"Mixes",
		"Categorize":["3.2"],
		"level":3
	},
	{
		"id":"3.2.2.1",
		"name":"Ham sausage mix",
		"Categorize":["3.2.2"],
		"level":4
	},
	{
		"id":"3.2.2.2",
		"name":"Veal sausage mix",
		"Categorize":["3.2.2"],
		"level":4
	},
	{
		"id":"3.2.2.3",
		"name":"Horse meat mix",
		"Categorize":["3.2.2"],
		"level":4
	},
	{
		"id":"3.2.2.4",
		"name":"White pudding mix",
		"Categorize":["3.2.2"],
		"level":4
	}
]
